<?xml version="1.0" encoding="UTF-8" standalone="yes" ?>

<toolbox name="" rows="6" columns="8" left="480" top="384" stayontop="-1" >

  <titlebar visible="0" height="16" />

  <statusbar visible="0" height="16" hint="0" />

  <displaymode type="0" iconsize="64" />

  <tile width="64" height="64" cellspacing="0" />

  <border spacing="0" type="0" />

  <font name="Microsoft Sans Serif" color="0" size="8" shadowtype="0" />

  <hint show="0" color="0" background="0" />

  <background color="0" type="1" effect="0" opacity="100" >
    <filename>C:\Users\CaveMan\AppData\Roaming\PopUpMenu_PUM\pums\explorer\image\bg_Selected_Bmp.bmp</filename>
  </background>

  <shortcuts>

    <shortcut row="1" column="1" textcolor="0" textalign="0" paraalign="2" type="0" >
      <filename>ahk\cpl-00000000000000.ahk</filename>
      <openwith></openwith>
      <startin></startin>
      <consolebuffer hintastitle="0" override="0" rows="0" cols="0" />
      <hint></hint>
      <overlaytext></overlaytext>
      <icon name="pumiconcache\00000000000000.ico" index="0" />
      <statistics executions="0" since="01-Jan-22 00:00:00 AM" />
    </shortcut>

    <shortcut row="1" column="2" textcolor="0" textalign="0" paraalign="2" type="0" >
      <filename>ahk\key-00000000000001.ahk</filename>
      <openwith></openwith>
      <startin></startin>
      <consolebuffer hintastitle="0" override="0" rows="0" cols="0" />
      <hint></hint>
      <overlaytext></overlaytext>
      <icon name="pumiconcache\00000000000001.ico" index="0" />
      <statistics executions="0" since="29-Sep-23 2:07:33 PM" />
    </shortcut>

    <shortcut row="1" column="3" textcolor="0" textalign="0" paraalign="2" type="0" >
      <filename>ahk\key-00000000000002.ahk</filename>
      <openwith></openwith>
      <startin></startin>
      <consolebuffer hintastitle="0" override="0" rows="0" cols="0" />
      <hint></hint>
      <overlaytext></overlaytext>
      <icon name="pumiconcache\00000000000002.ico" index="0" />
      <statistics executions="0" since="29-Sep-23 12:35:35 AM" />
    </shortcut>

    <shortcut row="1" column="4" textcolor="0" textalign="0" paraalign="2" type="0" >
      <filename>ahk\key-00000000000003.ahk</filename>
      <openwith></openwith>
      <startin></startin>
      <consolebuffer hintastitle="0" override="0" rows="0" cols="0" />
      <hint></hint>
      <overlaytext></overlaytext>
      <icon name="pumiconcache\00000000000003.ico" index="0" />
      <statistics executions="0" since="29-Sep-23 12:35:40 AM" />
    </shortcut>

    <shortcut row="1" column="5" textcolor="0" textalign="0" paraalign="2" type="0" >
      <filename>ahk\key-00000000000004.ahk</filename>
      <openwith></openwith>
      <startin></startin>
      <consolebuffer hintastitle="0" override="0" rows="0" cols="0" />
      <hint></hint>
      <overlaytext></overlaytext>
      <icon name="pumiconcache\00000000000004.ico" index="0" />
      <statistics executions="0" since="29-Sep-23 12:36:23 AM" />
    </shortcut>

    <shortcut row="1" column="6" textcolor="0" textalign="0" paraalign="2" type="0" >
      <filename>ahk\key-00000000000005.ahk</filename>
      <openwith></openwith>
      <startin></startin>
      <consolebuffer hintastitle="0" override="0" rows="0" cols="0" />
      <hint></hint>
      <overlaytext></overlaytext>
      <icon name="pumiconcache\00000000000005.ico" index="0" />
      <statistics executions="0" since="29-Sep-23 12:35:50 AM" />
    </shortcut>

    <shortcut row="1" column="7" textcolor="0" textalign="0" paraalign="2" type="0" >
      <filename>ahk\key-00000000000006.ahk</filename>
      <openwith></openwith>
      <startin></startin>
      <consolebuffer hintastitle="0" override="0" rows="0" cols="0" />
      <hint></hint>
      <overlaytext></overlaytext>
      <icon name="pumiconcache\00000000000006.ico" index="0" />
      <statistics executions="0" since="29-Sep-23 12:35:55 AM" />
    </shortcut>

    <shortcut row="1" column="8" textcolor="0" textalign="0" paraalign="2" type="0" >
      <filename>ahk\key-00000000000007.ahk</filename>
      <openwith></openwith>
      <startin></startin>
      <consolebuffer hintastitle="0" override="0" rows="0" cols="0" />
      <hint></hint>
      <overlaytext></overlaytext>
      <icon name="pumiconcache\00000000000007.ico" index="0" />
      <statistics executions="0" since="29-Sep-23 12:36:00 AM" />
    </shortcut>

  </shortcuts>

</toolbox>

























